Primary Location Source Is In Doaj,,,Repository,,,Language,,,Best Oa Location Is Published,,,Primary Location Source Id,,,Authorships Institutions Type,,,Has Orcid,,,Corresponding Institution Ids,,,Best Oa Location Is Accepted,,,Has Doi,,,Primary Location Source Is Oa,,,Open Access Any Repository Has Fulltext,,,Grants Funder,,,Primary Topic Field Id,,,Primary Topic Domain Id,,,Corresponding Author Ids,,,Authorships Institutions Continent,,,Is Retracted,,,Primary Location Source Publisher Lineage,,,Best Oa Location License,,,Institutions Is Global South,,,Authorships Countries,,,Keywords Id,,,Authorships Author Id,,,Publication Year,,,Open Access Is Oa,,,Primary Topic Id,,,Authorships Institutions Lineage,,,Type,,
name,count,,name,count,,name,count,,name,count,,name,count,,name,count,,name,count,,name,count,,name,count,,name,count,,name,count,,name,count,,name,count,,name,count,,name,count,,name,count,,name,count,,name,count,,name,count,,name,count,,name,count,,name,count,,name,count,,name,count,,name,count,,name,count,,name,count,,name,count,,name,count,
true,332,,DOAJ (DOAJ: Directory of Open Access Journals),196,,English,638,,true,550,,IEEE Access,34,,education,585,,true,631,,Sumy State University,5,,true,584,,true,638,,true,403,,true,516,,National Natural Science Foundation of China,42,,Computer Science,147,,Physical Sciences,286,,Bach Xuan Tran,4,,Asia,670,,false,636,,Multidisciplinary Digital Publishing Institute,129,,CC BY,355,,true,296,,China,161,,Web of science,59,,Carl A. Latkin,5,,2023,171,,true,636,,Bibliometric Analysis and Research Evaluation,29,,Centre National de la Recherche Scientifique,17,,article,638,
false,295,,PubMed,189,,Japanese,0,,false,85,,Scientometrics,24,,facility,85,,false,7,,Wuhan University,5,,false,51,,false,0,,false,224,,false,122,,Horizon 2020 Framework Programme,7,,Engineering,89,,Social Sciences,224,,Yassine Himeur,3,,Europe,547,,true,2,,Elsevier BV,96,,CC BY-NC-ND,69,,false,342,,United States of America,98,,Research Evaluation,33,,Cyrus S. H. Ho,5,,2022,159,,false,2,,Artificial Intelligence in Medicine,23,,Wuhan University,13,,book-chapter,0,
,,,PubMed Central,164,,Spanish,0,,,,,Sustainability,22,,healthcare,65,,,,,University of Bologna,5,,,,,,,,,,,,,,Horizon 2020,7,,Medicine,83,,Health Sciences,92,,Віталія Койбічук,3,,North America,189,,,,,Springer Nature,74,,other open access,26,,,,,United Kingdom of Great Britain and Northern Ireland,89,,Citation analysis,28,,Roger Ho,5,,2021,142,,,,,Impact of Big Data Analytics on Business Performance,23,,University of London,10,,dataset,0,
,,,arXiv (Cornell University),71,,German,0,,,,,International Journal of Environmental Research and Public Health,11,,nonprofit,39,,,,,Central South University,4,,,,,,,,,,,,,,European Commission,6,,"Business, Management and Accounting",76,,Life Sciences,36,,Andreas Hamm,2,,South America,91,,,,,Frontiers Media,60,,CC BY-NC,21,,,,,Italy,55,,Artificial Intelligences,27,,Bach Xuan Tran,5,,2020,68,,,,,Blockchain and Internet of Things Integration,18,,University of Bologna,9,,preprint,0,
,,,DataCite API,40,,French,0,,,,,Energies,9,,government,26,,,,,University of Lisbon,4,,,,,,,,,,,,,,Australian Research Council,5,,Decision Sciences,60,,,,,Yantong Wan,2,,unknown,83,,,,,Institute of Electrical and Electronics Engineers,46,,publisher specific open access,6,,,,,Spain,51,,Identification,21,,Giang Thu Vu,5,,2019,51,,,,,Industry 4.0 and Digital Transformation in Manufacturing,16,,Helmholtz Association of German Research Centres,7,,dissertation,0,
,,,IEEE Access,34,,Chinese,0,,,,,PLoS ONE,8,,company,23,,,,,Hong Kong Polytechnic University,4,,,,,,,,,,,,,,Fundação para a Ciência e a Tecnologia,5,,Social Sciences,58,,,,,Hui Liu,2,,Oceania,76,,,,,Springer Science+Business Media,36,,MIT,4,,,,,Germany,48,,Bibliometric Analysis,18,,Francesco Osborne,5,,2024,47,,,,,Natural Language Processing,12,,Georgia Institute of Technology,7,,book,0,
,,,Scientometrics,24,,Korean,0,,,,,Sensors,7,,archive,10,,,,,Johns Hopkins University,4,,,,,,,,,,,,,,National Science Foundation,4,,Environmental Science,23,,,,,Тetyana Mayboroda,2,,Africa,64,,,,,Springer Nature (Netherlands),24,,CC BY-SA,3,,,,,Australia,41,,Social Network Analysis,17,,Yi Zhang,5,,,,,,,,Smart Cities: Innovations and Challenges,11,,National University of Singapore,7,,review,0,
,,,Sustainability,22,,Portuguese,0,,,,,Technological Forecasting and Social Change,7,,other,5,,,,,Hanoi Medical University,4,,,,,,,,,,,,,,National Key Research and Development Program of China,4,,"Biochemistry, Genetics and Molecular Biology",20,,,,,Marcello M. Mariani,2,,Antarctica,0,,,,,Wiley,15,,public domain (CC0),3,,,,,India,32,,Topic Modeling,17,,Diego Reforgiato Recupero,4,,,,,,,,Automatic Keyword Extraction from Textual Data,10,,Chinese Academy of Sciences,7,,paratext,0,
,,,Europe PMC (PubMed Central),18,,Indonesian,0,,,,,Electronics,7,,,,,,,,Chinese Academy of Sciences,4,,,,,,,,,,,,,,National Social Science Fund of China,4,,Psychology,13,,,,,Weihua Yang,2,,,,,,,,JMIR Publications,12,,CC BY-NC-SA,2,,,,,France,28,,Scientific literature,16,,Manuel J. Cobo,4,,,,,,,,Statistical Mechanics of Complex Networks,9,,Sichuan University,7,,libguides,0,
,,,HAL (Le Centre pour la Communication Scientifique Directe),17,,Russian,0,,,,,Journal of Medical Internet Research,6,,,,,,,,UNSW Sydney,4,,,,,,,,,,,,,,Conselho Nacional de Desenvolvimento Científico e Tecnológico,3,,Physics and Astronomy,12,,,,,Jo�ão Reis,2,,,,,,,,Emerald Publishing Limited,11,,CC BY-ND,2,,,,,Portugal,27,,Scope (computer science),16,,Mengjia Wu,4,,,,,,,,Impact of Social Media on Consumer Behavior,8,,Leibniz Association,7,,letter,0,
,,,RePEc: Research Papers in Economics,16,,Italian,0,,,,,Frontiers in Public Health,6,,,,,,,,University of Almería,4,,,,,,,,,,,,,,National Research Foundation of Korea,3,,"Economics, Econometrics and Finance",11,,,,,Olha Anatoliivna Kramarenko,2,,,,,,,,Public Library of Science,10,,GNU GPLv3,0,,,,,Turkey,27,,Thematic Analysis,16,,Kai Hu,4,,,,,,,,Educational Data Mining and Learning Analytics,8,,University of Almería,7,,other,0,
,,,DergiPark (Istanbul University),16,,Polish,0,,,,,Frontiers in Research Metrics and Analytics,6,,,,,,,,Universidade Nova de Lisboa,4,,,,,,,,,,,,,,Hong Kong Polytechnic University,3,,Neuroscience,8,,,,,Anton Boyko,2,,,,,,,,Taylor & Francis,10,,Apache License 2.0,0,,,,,Netherlands,24,,Blockchain,15,,Enrico Motta,4,,,,,,,,The Spread of Misinformation Online,8,,Universidade Nova de Lisboa,7,,reference-entry,0,
,,,Zenodo (CERN European Organization for Nuclear Research),15,,Dutch,0,,,,,Buildings,6,,,,,,,,Nanchang University,3,,,,,,,,,,,,,,Ministerio de Ciencia e Innovación,3,,Health Professions,7,,,,,Scott W. Cunningham,1,,,,,,,,Hindawi Publishing Corporation,9,,,,,,,,Canada,23,,Bibliographic coupling,14,,Angelo A. Salatino,4,,,,,,,,Data Quality Assessment and Improvement,8,,University of Technology Sydney,6,,report,0,
,,,International Journal of Environmental Research and Public Health,11,,Turkish,0,,,,,Artificial Intelligence Review,5,,,,,,,,Tianjin University,3,,,,,,,,,,,,,,HORIZON EUROPE Framework Programme,3,,Agricultural and Biological Sciences,6,,,,,Swagatam Das,1,,,,,,,,The MIT Press,6,,,,,,,,Poland,17,,Data-driven Education,13,,Feng Xia,4,,,,,,,,Applications of Deep Learning in Medical Imaging,7,,University of Nottingham,6,,editorial,0,
,,,"Portuguese National Funding Agency for Science, Research and Technology (RCAAP Project by FCT)",10,,Catalan,0,,,,,IEEE Transactions on Engineering Management,5,,,,,,,,Nanyang Technological University,3,,,,,,,,,,,,,,Natural Sciences and Engineering Research Council of Canada,3,,Arts and Humanities,6,,,,,Katharina Bürger,1,,,,,,,,BioMed Central,6,,,,,,,,Brazil,16,,Interdisciplinary Research,13,,Huong Lan Thi Nguyen,4,,,,,,,,Management and Reproducibility of Scientific Workflows,7,,Peking University,6,,peer-review,0,
,,,Energies,9,,Arabic,0,,,,,Journal of Informetrics,5,,,,,,,,Norwegian University of Science and Technology,3,,,,,,,,,,,,,,H2020 Marie Skłodowska-Curie Actions,3,,Mathematics,6,,,,,Janez Dolšak,1,,,,,,,,University of Oxford,4,,,,,,,,Saudi Arabia,15,,Relevance,13,,Zhen Liu,3,,,,,,,,Radiomics in Medical Imaging Analysis,7,,National Research Council,6,,standard,0,
,,,Data Archiving and Networked Services (DANS),9,,Persian,0,,,,,Frontiers in Oncology,5,,,,,,,,Symbiosis International University,3,,,,,,,,,,,,,,"Ministerio de Ciencia, Innovación y Universidades",2,,Earth and Planetary Sciences,3,,,,,Maria Alzira Pimenta Dinis,1,,,,,,,,De Gruyter,4,,,,,,,,Sweden,14,,Learning Analytics,12,,Yantong Wan,3,,,,,,,,Computational Text Analysis in Social Sciences,7,,Institut des Sciences de l'Information et de leurs Interactions,6,,erratum,0,
,,,PLoS ONE,8,,Swedish,0,,,,,Heliyon,5,,,,,,,,University of Bristol,3,,,,,,,,,,,,,,Deutsche Forschungsgemeinschaft,2,,Energy,3,,,,,Rupali Tajanpure,1,,,,,,,,Institute of Advanced Engineering and Science (IAES),4,,,,,,,,Denmark,12,,Pandemic,12,,Zefeng Shen,3,,,,,,,,Internet of Things and Edge Computing,6,,Huazhong University of Science and Technology,6,,grant,0,
,,,MDPI (MDPI AG),8,,Ukrainian,0,,,,,Proceedings of the ... Annual Hawaii International Conference on System Sciences/Proceedings of the Annual Hawaii International Conference on System Sciences,5,,,,,,,,University of Chinese Academy of Sciences,3,,,,,,,,,,,,,,Agence Nationale de la Recherche,2,,Materials Science,2,,,,,Giancarlo Ruffo,1,,,,,,,,Sumy State University,4,,,,,,,,Japan,12,,Resilience,12,,Alan L. Porter,3,,,,,,,,Detection and Management of Retinal Diseases,6,,Sapienza University of Rome,6,,supplementary-materials,0,
,,,Duo Research Archive (University of Oslo),8,,Czech,0,,,,,Quantitative Science Studies,5,,,,,,,,University of Coimbra,3,,,,,,,,,,,,,,Coordenação de Aperfeiçoamento de Pessoal de Nível Superior,2,,Chemistry,1,,,,,Luís Madureira,1,,,,,,,,IOS Press,3,,,,,,,,Malaysia,12,,Scientific Workflows,12,,Huayi Wu,3,,,,,,,,Biomedical Ontologies and Text Mining,6,,Politecnico di Milano,6,,retraction,0,
,,,LA Referencia (Red Federada de Repositorios Institucionales de Publicaciones Científicas),8,,Romanian,0,,,,,Applied Sciences,5,,,,,,,,Sapienza University of Rome,3,,,,,,,,,,,,,,Bundesministerium für Bildung und Forschung,2,,Immunology and Microbiology,1,,,,,Ying Huang,1,,,,,,,,Palgrave Macmillan,3,,,,,,,,Norway,12,,Business Intelligence,11,,Silvio Peroni,3,,,,,,,,Diversity and Function of Gut Microbiome,5,,Leibniz University Hannover,5,,,,
,,,Sensors,7,,Croatian,0,,,,,Remote Sensing,5,,,,,,,,University College Dublin,2,,,,,,,,,,,,,,Chinese Academy of Sciences,2,,Nursing,1,,,,,Ru Ding,1,,,,,,,,EDP Sciences,3,,,,,,,,South Africa,12,,Deep Learning,11,,Abderahman Rejeb,3,,,,,,,,Empirical Studies in Software Engineering,5,,University of Lisbon,5,,,,
,,,Technological Forecasting and Social Change,7,,Norwegian,0,,,,,Frontiers in Neuroscience,4,,,,,,,,Karlsruhe Institute of Technology,2,,,,,,,,,,,,,,Ministry of Education,2,,"Pharmacology, Toxicology and Pharmaceutics",1,,,,,Anna Ambrosini,1,,,,,,,,Association for Computing Machinery,3,,,,,,,,Colombia,11,,Thematic map,11,,Yassine Himeur,3,,,,,,,,Modeling the Dynamics of COVID-19 Pandemic,5,,Johns Hopkins University,5,,,,
,,,Electronics,7,,Danish,0,,,,,Frontiers in Immunology,4,,,,,,,,Universidad de Valladolid,2,,,,,,,,,,,,,,China Postdoctoral Science Foundation,2,,Dentistry,1,,,,,Max Kleinebrahm,1,,,,,,,,Nature Portfolio,3,,,,,,,,"Korea, Republic of",11,,Educational Data Mining,10,,Weihua Yang,3,,,,,,,,Conceptualizing the Circular Economy and Sustainable Supply Chains,5,,Duy Tan University,5,,,,
,,,Journal of Medical Internet Research,6,,Afrikaans,0,,,,,JMIR Medical Informatics,4,,,,,,,,Warsaw University of Technology,2,,,,,,,,,,,,,,Javna Agencija za Raziskovalno Dejavnost RS,2,,Chemical Engineering,0,,,,,Pantea Foroudi,1,,,,,,,,Macmillan Publishers,3,,,,,,,,Pakistan,11,,Publication,10,,Jianqiu Kong,3,,,,,,,,Information Visualization and Visual Data Mining,5,,Universidad de Granada,5,,,,
,,,Frontiers in Public Health,6,,Finnish,0,,,,,Mathematics,4,,,,,,,,Jiangsu University,2,,,,,,,,,,,,,,China Scholarship Council,2,,Veterinary,0,,,,,Hui Liang,1,,,,,,,,SAGE Publishing,3,,,,,,,,Singapore,11,,Value (mathematics),10,,Віталія Койбічук,3,,,,,,,,Enhancing Workplace Safety Culture and Practices,5,,King Abdulaziz University,5,,,,
,,,Frontiers in Research Metrics and Analytics,6,,Modern Greek (1453-),0,,,,,Big Data and Cognitive Computing,4,,,,,,,,Tongji University,2,,,,,,,,,,,,,,Vysoká Škola Ekonomická v Praze,2,,,,,,,,Dalia Perkumienė,1,,,,,,,,University of the Basque Country,3,,,,,,,,"Iran, Islamic Republic of",10,,Cancer Imaging,9,,Simone Angioni,3,,,,,,,,Building Information Modeling in Construction Industry,5,,University of Toronto,5,,,,
,,,Buildings,6,,Vietnamese,0,,,,,Computers in Industry,4,,,,,,,,Fujian University of Traditional Chinese Medicine,2,,,,,,,,,,,,,,Qatar National Research Fund,2,,,,,,,,Daniel A. Hickman,1,,,,,,,,Oxford University Press,2,,,,,,,,Austria,9,,Collaboration Patterns,9,,Damian A. Tamburri,2,,,,,,,,Electricity Price and Load Forecasting Methods,5,,Hanoi Medical University,5,,,,
,,,Virtual Community of Pathological Anatomy (University of Castilla La Mancha),6,,Estonian,0,,,,,Cancers,3,,,,,,,,Wrocław University of Science and Technology,2,,,,,,,,,,,,,,Engineering and Physical Sciences Research Council,2,,,,,,,,Adam Sadowski,1,,,,,,,,Science and Information Organization,2,,,,,,,,Switzerland,9,,Data Sharing,9,,Tim van Erp,2,,,,,,,,Predicting Stock Market Trends and Movements,5,,The Open University,5,,,,
,,,Archivio istituzionale della ricerca (Alma Mater Studiorum Università di Bologna),6,,Hungarian,0,,,,,Journal of Manufacturing Systems,3,,,,,,,,Universidad Complutense de Madrid,2,,,,,,,,,,,,,,Biotechnology and Biological Sciences Research Council,2,,,,,,,,Shadi Atalla,1,,,,,,,,Chinese Academy of Sciences,2,,,,,,,,Greece,9,,Decision Support Systems,9,,Ayyoob Sharifi,2,,,,,,,,Building Resilient Supply Chain,5,,Institut National Polytechnique de Toulouse,5,,,,
,,,IRIS Research product catalog (Sapienza University of Rome),6,,Tagalog,0,,,,,Frontiers in Cardiovascular Medicine,3,,,,,,,,Ural Federal University,2,,,,,,,,,,,,,,European Research Council,2,,,,,,,,Pranab K. Muhuri,1,,,,,,,,Growing Science,2,,,,,,,,Hong Kong,9,,Educational Technology,9,,Zeshi Chen,2,,,,,,,,Dynamics of Crowdfunding and Fintech,5,,University of Cambridge,5,,,,
,,,Artificial Intelligence Review,5,,Slovenian,0,,,,,ISPRS International Journal of Geo-Information,3,,,,,,,,University of Padua,2,,,,,,,,,,,,,,European Regional Development Fund,2,,,,,,,,John G. Keogh,1,,,,,,,,AOSIS,2,,,,,,,,Russian Federation,9,,Emerging Technologies,9,,John R. Kitchin,2,,,,,,,,Semantic Web and Ontology Development,4,,Symbiosis International University,5,,,,
,,,IEEE Transactions on Engineering Management,5,,Lithuanian,0,,,,,SSRN Electronic Journal,3,,,,,,,,Army Medical University,2,,,,,,,,,,,,,,National Science Foundation of Sri Lanka,2,,,,,,,,Tianxin Lin,1,,,,,,,,Rutgers University Press,2,,,,,,,,Finland,8,,Representation,9,,Jieyan Wang,2,,,,,,,,Deep Learning in Medical Image Analysis,4,,Sumy State University,5,,,,
,,,Journal of Informetrics,5,,Welsh,0,,,,,E3S Web of Conferences,3,,,,,,,,University of Cartagena,2,,,,,,,,,,,,,,Fundamental Research Funds for the Central Universities,2,,,,,,,,Satish Kumar,1,,,,,,,,Vilnius University,2,,,,,,,,United Arab Emirates,6,,Research Data,9,,Pranab K. Muhuri,2,,,,,,,,Evolution of Service-Dominant Logic in Marketing Science,4,,Trường ĐH Nguyễn Tất Thành,5,,,,
,,,Frontiers in Oncology,5,,Thai,0,,,,,Humanities and Social Sciences Communications,3,,,,,,,,Aston University,2,,,,,,,,,,,,,,Institute of Museum and Library Services,1,,,,,,,,Sonia Arroyo Esteban,1,,,,,,,,Vilnius Gediminas Technical University,2,,,,,,,,Czechia,6,,Scientific Impact,9,,Tianxin Lin,2,,,,,,,,Graph Neural Network Models and Applications,4,,UNSW Sydney,5,,,,
,,,Heliyon,5,,Slovak,0,,,,,Business Ethics and Leadership,3,,,,,,,,University of Oslo,2,,,,,,,,,,,,,,Alfred P. Sloan Foundation,1,,,,,,,,Muhammad Azam,1,,,,,,,,"Association of Food Technology, Turkey",2,,,,,,,,Ireland,6,,Transformative Learning,9,,Ioannis Passas,2,,,,,,,,Explainable Artificial Intelligence,4,,Central China Normal University,5,,,,
,,,Proceedings of the ... Annual Hawaii International Conference on System Sciences/Proceedings of the Annual Hawaii International Conference on System Sciences,5,,Bulgarian,0,,,,,Cuadernos de Gestión,3,,,,,,,,King Abdulaziz University,2,,,,,,,,,,,,,,Cisco Systems,1,,,,,,,,Francesca Noardo,1,,,,,,,,BMJ,2,,,,,,,,Peru,6,,2019-20 coronavirus outbreak,8,,Andreas Hamm,2,,,,,,,,Artificial Intelligence in Service Industry,4,,National University Hospital,5,,,,
,,,Quantitative Science Studies,5,,Latvian,0,,,,,International Journal of Production Research,3,,,,,,,,Yonsei University,2,,,,,,,,,,,,,,Louisiana Board of Regents,1,,,,,,,,Zhen Liu,1,,,,,,,,Thieme Medical Publishers (Germany),2,,,,,,,,Ukraine,6,,Conceptual framework,8,,Andrea Appolloni,2,,,,,,,,Swarm Intelligence Optimization Algorithms,3,,University of Coimbra,5,,,,
,,,Applied Sciences,5,,,0,,,,,Research in International Business and Finance,3,,,,,,,,Escuela Superior Politecnica del Litoral,2,,,,,,,,,,,,,,Stiftelsen för Miljöstrategisk Forskning,1,,,,,,,,Núria Bautista‐Puig,1,,,,,,,,De Gruyter Open,2,,,,,,,,Viet Nam,6,,Empirical Research,8,,Jaesun Yeom,2,,,,,,,,Computational Methods in Drug Discovery,3,,Cranfield University,5,,,,
,,,Electronic Sumy State University Institutional Repository (Sumy State University),5,,Swahili (macrolanguage),0,,,,,Frontiers in Psychiatry,3,,,,,,,,Stellenbosch University,2,,,,,,,,,,,,,,Tulane University,1,,,,,,,,Giovanni Colavizza,1,,,,,,,,Dove Medical Press,2,,,,,,,,Belgium,5,,Knowledge Sharing,8,,Hai Thanh Phan,2,,,,,,,,Economic Impact of Environmental Policies and Resources,3,,Tsinghua University,5,,,,
,,,Institutional Repository of the University of Granada (University of Granada),5,,Somali,0,,,,,Journal of Business Research,3,,,,,,,,China-Japan Friendship Hospital,2,,,,,,,,,,,,,,Grainger Foundation,1,,,,,,,,Joanna Rosak-Szyrocka,1,,,,,,,,Georg Thieme Verlag,2,,,,,,,,Mexico,5,,Load Forecasting,8,,Haiyin Deng,2,,,,,,,,Lithium-ion Battery Management in Electric Vehicles,3,,Karlsruhe Institute of Technology,4,,,,
,,,OPAL (Open@LaTrobe) (La Trobe University),5,,Macedonian,0,,,,,Quality & Quantity,2,,,,,,,,Deutsches Zentrum für Luft- und Raumfahrt e. V. (DLR),2,,,,,,,,,,,,,,Velux Fonden,1,,,,,,,,Anna Ermolayeva,1,,,,,,,,International University of La Rioja,2,,,,,,,,Tunisia,5,,Popularity,8,,Maria Grazia Izzo,2,,,,,,,,Privacy-Preserving Techniques for Data Analysis and Machine Learning,3,,Iscte – Instituto Universitário de Lisboa,4,,,,
,,,Econstor (Econstor),5,,Albanian,0,,,,,Cluster Computing,2,,,,,,,,Chengdu University of Technology,2,,,,,,,,,,,,,,Technische Universität Kaiserslautern,1,,,,,,,,Junaid Shuja,1,,,,,,,,Makerere University,1,,,,,,,,"Taiwan, Province of China",5,,Similarity (geometry),8,,Benoît Montreuil,2,,,,,,,,Analysis of Gene Interaction Networks,3,,Jiangnan University,4,,,,
,,,ScholarSpace (University of Hawaii at Manoa),5,,Hindi,0,,,,,Multimedia Tools and Applications,2,,,,,,,,Beijing University of Technology,2,,,,,,,,,,,,,,Norges Teknisk-Naturvitenskapelige Universitet,1,,,,,,,,Koel Roychowdhury,1,,,,,,,,Association Œconomia,1,,,,,,,,Chile,4,,Big Data,7,,Haoran Xie,2,,,,,,,,3D Geospatial Modelling Techniques,3,,University of Rome Tor Vergata,4,,,,
,,,INDIGO (University of Illinois at Chicago),5,,Hebrew,0,,,,,International Journal on Digital Libraries,2,,,,,,,,Central China Normal University,2,,,,,,,,,,,,,,Karlsruhe Institute of Technology,1,,,,,,,,Simon Taisbak,1,,,,,,,,Institute of Physics,1,,,,,,,,Hungary,4,,Digitization,7,,Karim Rejeb,2,,,,,,,,Digital Mental Health Interventions and Efficacy,3,,Tongji University,4,,,,
,,,Remote Sensing,5,,Urdu,0,,,,,Frontiers in Aging Neuroscience,2,,,,,,,,Gazi Hastanesi,2,,,,,,,,,,,,,,Universidad de Málaga,1,,,,,,,,Shahab S. Band,1,,,,,,,,University of Cambridge,1,,,,,,,,Indonesia,4,,Discipline,7,,Ji‐Bum Chung,2,,,,,,,,Mass Customization and Product Modularity,3,,Universidad Complutense de Madrid,4,,,,
,,,Frontiers in Neuroscience,4,,Nepali (macrolanguage),0,,,,,Procedia Computer Science,2,,,,,,,,L3S Research Center,2,,,,,,,,,,,,,,University of Hull,1,,,,,,,,Sai Koneru,1,,,,,,,,Cambridge University Press,1,,,,,,,,Jordan,4,,Feature (linguistics),7,,Kenneth K. Gwee,2,,,,,,,,Data Sharing and Stewardship in Science,3,,University of Padua,4,,,,
,,,Frontiers in Immunology,4,,Marathi,0,,,,,Security and Communication Networks,2,,,,,,,,National Research Council,2,,,,,,,,,,,,,,Birmingham City University,1,,,,,,,,Amelia Fiske,1,,,,,,,,Cogent OA,1,,,,,,,,Qatar,4,,Information Retrieval,7,,George Q. Huang,2,,,,,,,,Understanding Human Mobility Patterns,3,,Central South University,4,,,,
,,,JMIR Medical Informatics,4,,Tamil,0,,,,,Safety Science,2,,,,,,,,Third Xiangya Hospital,2,,,,,,,,,,,,,,Foundational Questions Institute,1,,,,,,,,Helena M. Stellingwerf,1,,,,,,,,International Association for Educators and Researchers (IAER),1,,,,,,,,Slovenia,4,,Named Entity Recognition,7,,Mohamed Medhat Gaber,2,,,,,,,,Sustainable Construction and Green Building,3,,Nanchang University,4,,,,
,,,Mathematics,4,,Bengali,0,,,,,Discrete Dynamics in Nature and Society,2,,,,,,,,Qingdao University of Technology,2,,,,,,,,,,,,,,Japan Agency for Medical Research and Development,1,,,,,,,,Omid Ameri Sianaki,1,,,,,,,,Press of International Journal of Ophthalmology (IJO PRESS),1,,,,,,,,Bangladesh,3,,Online Learning,7,,Shenle Pan,2,,,,,,,,Log Analysis and System Performance Diagnosis,3,,Hong Kong Polytechnic University,4,,,,
,,,Big Data and Cognitive Computing,4,,Gujarati,0,,,,,Frontiers in Pharmacology,2,,,,,,,,University College London,2,,,,,,,,,,,,,,Fulbright Association,1,,,,,,,,Xin Wu,1,,,,,,,,São Paulo State University,1,,,,,,,,Cyprus,3,,Python,7,,Rubén Heradio,2,,,,,,,,Statistical Physics of Opinion Dynamics,3,,Loughborough University,4,,,,
,,,Scholarworks@UNIST (Ulsan National Institute of Science and Technology),4,,Malayalam,0,,,,,The International Journal of Digital Accounting Research,2,,,,,,,,Huazhong University of Science and Technology,2,,,,,,,,,,,,,,Taishan Scholar Foundation of Shandong Province,1,,,,,,,,Hongyang Jiang,1,,,,,,,,Associação Brasileira de Engenharia de Produção,1,,,,,,,,Ecuador,3,,Sentiment Analysis,7,,Songül Tolan,2,,,,,,,,Knowledge Management and Organizational Innovation,2,,University of Illinois Urbana-Champaign,4,,,,
,,,AIS Electronic Library (AISeL) (Association for Information Systems),4,,Kannada,0,,,,,Mobile Information Systems,2,,,,,,,,Ulsan National Institute of Science and Technology,2,,,,,,,,,,,,,,Comunidad de Madrid,1,,,,,,,,Arash Najmaei,1,,,,,,,,Tutor Treinamento e Desenvolvimento,1,,,,,,,,Egypt,3,,Smart Cities,7,,Xieling Chen,2,,,,,,,,Multi-Criteria Decision Making,2,,Sun Yat-sen University,4,,,,
,,,Dialnet (Universidad de la Rioja),4,,Telugu,0,,,,,Automation in Construction,2,,,,,,,,University of Turin,2,,,,,,,,,,,,,,Netherlands eScience Center,1,,,,,,,,Sebastián Molinillo,1,,,,,,,,VTSIOM,1,,,,,,,,Nigeria,3,,Smart Manufacturing,7,,Mattia Zaffaroni,2,,,,,,,,Pathophysiology of Parkinson's Disease,2,,Universitat de València,4,,,,
,,,KTH Publication Database DiVA (KTH Royal Institute of Technology),4,,Panjabi,0,,,,,Materials,2,,,,,,,,China Jiliang University,2,,,,,,,,,,,,,,Innovative Research Group Project of the National Natural Science Foundation of China,1,,,,,,,,Abdo Hassoun,1,,,,,,,,Athabasca University Press,1,,,,,,,,New Zealand,3,,Supply Chain Network Design,7,,Shanshan Yang,2,,,,,,,,Prostate Cancer Research and Treatment,2,,Tianjin University,4,,,,
,,,Repository KITopen (Karlsruhe Institute of Technology),4,,,,,,,,Symmetry,2,,,,,,,,Southern Medical University,2,,,,,,,,,,,,,,"Consejería de Economía, Conocimiento, Empresas y Universidad, Junta de Andalucía",1,,,,,,,,Fabian Braesemann,1,,,,,,,,kassel university press,1,,,,,,,,Thailand,3,,Time line,7,,Riccardo Patriarca,2,,,,,,,,Developing Evidence-Informed Supply Chain Management Knowledge,2,,Beijing University of Chinese Medicine,4,,,,
,,,Repository@Nottingham (University of Nottingham),4,,,,,,,,Entropy,2,,,,,,,,Universitat Politècnica de València,2,,,,,,,,,,,,,,University of Glasgow,1,,,,,,,,Ciriaco Andrea D’Angelo,1,,,,,,,,Copernicus Publications,1,,,,,,,,Argentina,2,,Building Information Modeling,6,,Hui Liu,2,,,,,,,,Recommender System Technologies,2,,University of Carthage,4,,,,
,,,Computers in Industry,4,,,,,,,,Scientific Reports,2,,,,,,,,Qatar University,2,,,,,,,,,,,,,,National Research Foundation,1,,,,,,,,Ilaria Pietrangeli,1,,,,,,,,European Educational Research Association,1,,,,,,,,Costa Rica,2,,Digital Health,6,,Тetyana Mayboroda,2,,,,,,,,Analysis of Brain Functional Connectivity Networks,2,,ParisTech,4,,,,
,,,Cancers,3,,,,,,,,Complexity,2,,,,,,,,Chalmers University of Technology,2,,,,,,,,,,,,,,National Research Foundation Singapore,1,,,,,,,,Natisha Dukhi,1,,,,,,,,University of Oslo Library,1,,,,,,,,Croatia,2,,Impact factor,6,,Haiyang Wu,2,,,,,,,,Coordination and Information Sharing in Supply Chains,2,,Norwegian University of Science and Technology,4,,,,
,,,Journal of Manufacturing Systems,3,,,,,,,,International Journal of Advanced Computer Science and Applications,2,,,,,,,,AGH University of Krakow,2,,,,,,,,,,,,,,Ministry of Education - Singapore,1,,,,,,,,Anne Vils Møller,1,,,,,,,,Bucharest Academy of Economic Studies,1,,,,,,,,Kuwait,2,,Industry 4.0,6,,Zaheer Allam,2,,,,,,,,Diagnosis and Treatment of Bladder Cancer,2,,University of Johannesburg,4,,,,
,,,Frontiers in Cardiovascular Medicine,3,,,,,,,,Frontiers in Plant Science,2,,,,,,,,University of Reading,2,,,,,,,,,,,,,,Science Foundation Ireland,1,,,,,,,,Sheng Miao,1,,,,,,,,Gadjah Mada University,1,,,,,,,,Lithuania,2,,Information Visualization,6,,Sunday Adewale Olaleye,2,,,,,,,,Modeling and Control of Traffic Flow Systems,2,,Dalian University of Technology,4,,,,
,,,ISPRS International Journal of Geo-Information,3,,,,,,,,SoftwareX,2,,,,,,,,Victoria University,2,,,,,,,,,,,,,,Schweizerischer Nationalfonds zur Förderung der Wissenschaftlichen Forschung,1,,,,,,,,Yu-Sheng Su,1,,,,,,,,"ITB Journal Publisher, LPPM ITB",1,,,,,,,,Luxembourg,2,,Interactive Visualization,6,,Éric Ballot,2,,,,,,,,Human Interaction with Automation Systems,2,,King Saud University,4,,,,
,,,SSRN Electronic Journal,3,,,,,,,,Frontiers in Cellular and Infection Microbiology,2,,,,,,,,National Yunlin University of Science and Technology,2,,,,,,,,,,,,,,Monash University,1,,,,,,,,Xudong Zhao,1,,,,,,,,Muhammadiyah University Purwokerto,1,,,,,,,,Morocco,2,,Knowledge Management,6,,David Chavalarias,2,,,,,,,,Demand Response in Smart Grids,2,,Chengdu University of Technology,4,,,,
,,,E3S Web of Conferences,3,,,,,,,,Frontiers in Medicine,2,,,,,,,,Cardiff University,2,,,,,,,,,,,,,,Queensland University of Technology,1,,,,,,,,Marion Maisonobe,1,,,,,,,,IlmuKomputer.Com,1,,,,,,,,Romania,2,,Leverage (statistics),6,,Bernard Grabot,2,,,,,,,,Precision Agriculture Technologies,2,,Universidad de Cádiz,4,,,,
,,,Humanities and Social Sciences Communications,3,,,,,,,,Frontiers in Endocrinology,2,,,,,,,,Fuzhou University,2,,,,,,,,,,,,,,Vrije Universiteit Amsterdam,1,,,,,,,,Rodrigo Nogueira Vasconcelos,1,,,,,,,,South African Institute of Computer Scientists and Information Technologists,1,,,,,,,,Slovakia,2,,Medical Image Analysis,6,,Emília Gómez,2,,,,,,,,Workflow Mining and Business Process Management,2,,Key Laboratory of Guangdong Province,4,,,,
,,,Business Ethics and Leadership,3,,,,,,,,Publications,2,,,,,,,,Universidad de Málaga,2,,,,,,,,,,,,,,Fonds National de la Recherche Luxembourg,1,,,,,,,,Тетяна Доценко,1,,,,,,,,American Library Association,1,,,,,,,,Bulgaria,1,,Open research,6,,Harris Papageorgiou,2,,,,,,,,Gamification in Education and Learning,2,,State Key Laboratory of Information Engineering in Surveying Mapping and Remote Sensing,4,,,,
,,,Cuadernos de Gestión,3,,,,,,,,Land,2,,,,,,,,Beihang University,2,,,,,,,,,,,,,,Russian Foundation for Basic Research,1,,,,,,,,Xuefei Hong,1,,,,,,,,American Economic Association,1,,,,,,,,Algeria,1,,Responsibility in AI,6,,Muhammet Damar,2,,,,,,,,Community Resilience to Natural Disasters,2,,State Council of the People's Republic of China,4,,,,
,,,Qatar University QSpace (Qatar University),3,,,,,,,,International Journal of Interactive Multimedia and Artificial Intelligence,2,,,,,,,,Universidade Lusófona,2,,,,,,,,,,,,,,Ulsan National Institute of Science and Technology,1,,,,,,,,Emilio Abad-Segura,1,,,,,,,,"Cureus, Inc.",1,,,,,,,,Estonia,1,,Smart City,6,,Giang Hai Ha,2,,,,,,,,Volunteered Geographic Information and Geospatial Crowdsourcing,2,,Institut des Sciences Humaines et Sociales,4,,,,
,,,UCL Discovery (University College London),3,,,,,,,,JMIR mhealth and uhealth,2,,,,,,,,University of Amsterdam,2,,,,,,,,,,,,,,Chalmers Tekniska Högskola,1,,,,,,,,Yaqian Tan,1,,,,,,,,Linköping University Electronic Press,1,,,,,,,,Ethiopia,1,,Software Defect Prediction,6,,Gollam Rabby,2,,,,,,,,Reliability Engineering and Maintenance Optimization,2,,Qingdao University of Technology,4,,,,
,,,Repositório Institucional do ISCTE-IUL (ISCTE-IUL),3,,,,,,,,Informatics in Education,2,,,,,,,,Aalborg University,2,,,,,,,,,,,,,,Collegio Carlo Alberto,1,,,,,,,,Haoran Xie,1,,,,,,,,Wyższa Szkoła Biznesu – National-Louis University,1,,,,,,,,Israel,1,,Textual Data,6,,Amit K. Shukla,2,,,,,,,,User Experience and Design Research in HCI,2,,University College London,4,,,,
,,,FedUni ResearchOnline (Federation University Australia),3,,,,,,,,Journal of Data and Information Science,2,,,,,,,,South China University of Technology,2,,,,,,,,,,,,,,Universidad Complutense de Madrid,1,,,,,,,,Massimo Warglien,1,,,,,,,,Printing House The Managers of Quality and Production Association,1,,,,,,,,Iraq,1,,Urban Analysis,6,,Francesco Costantino,2,,,,,,,,Security Challenges in Smart Grid Systems,2,,Fraunhofer Society,4,,,,
,,,Warwick Research Archive Portal (University of Warwick),3,,,,,,,,International Journal of Financial Studies,2,,,,,,,,Delft University of Technology,2,,,,,,,,,,,,,,"Research Grants Council, University Grants Committee",1,,,,,,,,Ross Gruetzemacher,1,,,,,,,,Inderscience Publishers,1,,,,,,,,Lebanon,1,,Word Representation,6,,Duncan McFarlane,2,,,,,,,,Global Flood Risk Assessment and Management,2,,Monash University,4,,,,
,,,Springer Link (Chiba Institute of Technology),3,,,,,,,,Journal of King Saud University - Computer and Information Sciences,2,,,,,,,,University of Oulu,2,,,,,,,,,,,,,,Deutsches Zentrum für Luft- und Raumfahrt,1,,,,,,,,Jane Payumo,1,,,,,,,,Verlag der Technischen Universität Graz,1,,,,,,,,Latvia,1,,Bridge (graph theory),5,,Chiehyeon Lim,2,,,,,,,,Mapping Forests with Lidar Remote Sensing,2,,Universitat Politècnica de València,4,,,,
,,,Aberdeen University Research Archive (Aberdeen University),3,,,,,,,,The Journal of Supercomputing,2,,,,,,,,Tsinghua University,2,,,,,,,,,,,,,,Technologická Agentura České Republiky,1,,,,,,,,Milad Haghani,1,,,,,,,,UTS ePRESS,1,,,,,,,,Mali,1,,Chatbots,5,,Michael Färber,2,,,,,,,,Characterization and Detection of Android Malware,2,,University of Portsmouth,4,,,,
,,,Open Research Online (The Open University),3,,,,,,,,Future Internet,2,,,,,,,,Chandigarh University,1,,,,,,,,,,,,,,Association Nationale de la Recherche et de la Technologie,1,,,,,,,,Diego Reforgiato Recupero,1,,,,,,,,Universidad del Pacifico,1,,,,,,,,Macao,1,,Circular Economy,5,,Philipp Mayr,2,,,,,,,,Econophysics: Complexity in Financial Markets,2,,Zhejiang University,4,,,,
,,,Duo Research Archive (University of Oslo),3,,,,,,,,Social Sciences,2,,,,,,,,South China Agricultural University,1,,,,,,,,,,,,,,Stiftelsen för Kunskaps- och Kompetensutveckling,1,,,,,,,,Cong Feng,1,,,,,,,,Çankırı Karatekin University,1,,,,,,,,Malawi,1,,Citation impact,5,,Wilson Tam,2,,,,,,,,Acupuncture Mechanisms and Clinical Applications,2,,University of Brescia,4,,,,
,,,VBN Forskningsportal (Aalborg Universitet),3,,,,,,,,Internet of Things,2,,,,,,,,Linköping University,1,,,,,,,,,,,,,,Nederlandse Organisatie voor Wetenschappelijk Onderzoek,1,,,,,,,,Qian Zhang,1,,,,,,,,Anadolu University,1,,,,,,,,Nepal,1,,Computational Research,5,,Caroline Fry,2,,,,,,,,Indoor Air Pollution in Developing Countries,2,,Universidade Lusófona,4,,,,
,,,Communities in ADDI (University of the Basque Country),3,,,,,,,,Journal of Health Sciences and Medicine,2,,,,,,,,"Rutgers, The State University of New Jersey",1,,,,,,,,,,,,,,"Ministero dell’Istruzione, dell’Università e della Ricerca",1,,,,,,,,Huaping Gong,1,,,,,,,,Istanbul University,1,,,,,,,,Oman,1,,Computational Text Analysis,5,,G. Ruocco,2,,,,,,,,Automated Pavement Inspection and Maintenance,2,,South China University of Technology,4,,,,
,,,CentAUR (University of Reading),3,,,,,,,,Machine Learning with Applications,2,,,,,,,,Xihua University,1,,,,,,,,,,,,,,Beijing University of Technology,1,,,,,,,,Jeongseob Kim,1,,,,,,,,Sakarya University,1,,,,,,,,Papua New Guinea,1,,Data Science,5,,Marcello M. Mariani,2,,,,,,,,Maritime Transportation Safety and Risk Analysis,2,,University of Sheffield,4,,,,
,,,Research Square (Research Square),3,,,,,,,,International Journal of Online and Biomedical Engineering (iJOE),2,,,,,,,,Human Sciences Research Council,1,,,,,,,,,,,,,,General Secretariat for Research and Technology,1,,,,,,,,Zhiqing He,1,,,,,,,,Süleyman Demirel University,1,,,,,,,,Philippines,1,,Financial Innovation,5,,Albert P.C. Chan,2,,,,,,,,Handling Imbalanced Data in Classification Problems,2,,Delft University of Technology,4,,,,
,,,Repository@Nottingham (University of Nottingham),3,,,,,,,,International Journal of Data and Network Science,2,,,,,,,,Università Cattolica del Sacro Cuore,1,,,,,,,,,,,,,,Universitat de València,1,,,,,,,,Ying Tang,1,,,,,,,,International Journal of Assessment Tools in Education,1,,,,,,,,,,,Knowledge graph,5,,Jo�ão Reis,2,,,,,,,,Digital Epidemiology and Disease Surveillance,2,,University College Dublin,3,,,,
,,,DR-NTU (Nanyang Technological University),3,,,,,,,,Information,2,,,,,,,,Universidad de Santiago de Chile,1,,,,,,,,,,,,,,"Ministry of Science, ICT and Future Planning",1,,,,,,,,Catarina Moreira,1,,,,,,,,Now Publishers,1,,,,,,,,,,,Knowledge Graph Embedding,5,,Krishna Prasad K,2,,,,,,,,Knowledge Sharing in Virtual Communities,2,,Tulane University,3,,,,
,,,BCU Open Access Repository (Birmingham City University),3,,,,,,,,Machines,2,,,,,,,,Dartmouth College,1,,,,,,,,,,,,,,Korea Railroad Research Institute,1,,,,,,,,Milkyas Hailu,1,,,,,,,,Utrecht University Library Open Access Journals (Publishing Services),1,,,,,,,,,,,Mainstream,5,,Federico Mastroleo,2,,,,,,,,Challenges and Opportunities in Translational Research,2,,Jiangsu University,3,,,,
,,,White Rose Research Online (University of Leeds),3,,,,,,,,Journal of Open Innovation Technology Market and Complexity,2,,,,,,,,Universitat Jaume I,1,,,,,,,,,,,,,,KU Leuven,1,,,,,,,,Paula Cruz,1,,,,,,,,National University of Colombia,1,,,,,,,,,,,Natural Language Processing,5,,Néstor Montalván-Burbano,2,,,,,,,,The Impact of Sharing Economy on Consumption,2,,National Research University Higher School of Economics,3,,,,
,,,International Journal of Production Research,3,,,,,,,,Data,2,,,,,,,,Lovely Professional University,1,,,,,,,,,,,,,,King Abdulaziz University,1,,,,,,,,Chenghua Tian,1,,,,,,,,West Asia Organization for Cancer Prevention,1,,,,,,,,,,,Open Science,5,,P. S. Aithal,2,,,,,,,,Cybercrime and Dark Web Activities,2,,École Nationale d'Ingénieurs de Tarbes,3,,,,
,,,Research in International Business and Finance,3,,,,,,,,Yearbook of Medical Informatics,2,,,,,,,,Hebei Medical University,1,,,,,,,,,,,,,,Gottfried Wilhelm Leibniz Universität Hannover,1,,,,,,,,Marina Dabić,1,,,,,,,,Iran University of Medical Sciences,1,,,,,,,,,,,Predictive Analytics,5,,Caroline S. Wagner,2,,,,,,,,Application of Fuzzy Cognitive Maps in Modeling,2,,Leiden University,3,,,,
,,,Frontiers in Psychiatry,3,,,,,,,,Deleted Journal,2,,,,,,,,Jiangnan University,1,,,,,,,,,,,,,,Narodowym Centrum Nauki,1,,,,,,,,P. Racca,1,,,,,,,,World Scientific,1,,,,,,,,,,,Robustness,5,,Michael E. Rose,2,,,,,,,,Impact of Green Bonds on Climate Finance,2,,Università degli Studi del Piemonte Orientale “Amedeo Avogadro”,3,,,,
,,,Journal of Business Research,3,,,,,,,,Frontiers in Physiology,2,,,,,,,,Leuphana University of Lüneburg,1,,,,,,,,,,,,,,Universiti Kebangsaan Malaysia,1,,,,,,,,Katja Weimer,1,,,,,,,,Routledge,1,,,,,,,,,,,Security Analysis,5,,Nuno Mel�ão,2,,,,,,,,Expert Finding in Online Communities,2,,Birmingham City University,3,,,,
,,,Quality & Quantity,2,,,,,,,,Information Visualization,2,,,,,,,,University of North Carolina at Chapel Hill,1,,,,,,,,,,,,,,Ministerstwo Edukacji i Nauki,1,,,,,,,,Houcemeddine Turki,1,,,,,,,,American Chemical Society,1,,,,,,,,,,,Semantic Web,5,,Russell McKenna,2,,,,,,,,Human Resource Analytics and Big Data,2,,University of Sydney,3,,,,
,,,Cluster Computing,2,,,,,,,,Journal of Civil Engineering and Management,2,,,,,,,,Leibniz University Hannover,1,,,,,,,,,,,,,,Universidad de Murcia,1,,,,,,,,Xieling Chen,1,,,,,,,,Lectito Journals,1,,,,,,,,,,,Social Science Research,5,,Min Song,2,,,,,,,,Innovations in Education Technology and Research,2,,Pennsylvania State University,3,,,,
,,,Multimedia Tools and Applications,2,,,,,,,,Technovation,2,,,,,,,,Tokyo Institute of Technology,1,,,,,,,,,,,,,,Institut Universitaire de France,1,,,,,,,,Hans W. Ittmann,1,,,,,,,,IOP Publishing,1,,,,,,,,,,,Sustainability,5,,Zhuanlan Sun,2,,,,,,,,E-Learning in Higher Education,2,,United States Department of Energy,3,,,,
,,,International Journal on Digital Libraries,2,,,,,,,,Computer Science Review,2,,,,,,,,Zhejiang Chinese Medical University,1,,,,,,,,,,,,,,Natural Science Foundation of Beijing Municipality,1,,,,,,,,Oluwafemi Samson Balogun,1,,,,,,,,"PeerJ, Inc.",1,,,,,,,,,,,Theme (computing),5,,Vítor Santos,2,,,,,,,,Constitutional Reform and Legal Modernization in Russia,2,,Université Toulouse III - Paul Sabatier,3,,,,
,,,Frontiers in Aging Neuroscience,2,,,,,,,,Applied Intelligence,2,,,,,,,,Tulane University,1,,,,,,,,,,,,,,Jyväskylän Yliopisto,1,,,,,,,,Sara Shirowzhan,1,,,,,,,,Firenze University Press,1,,,,,,,,,,,Battery Technology,4,,Yogesh K. Dwivedi,2,,,,,,,,Soil Carbon Dynamics and Nutrient Cycling in Ecosystems,1,,Consejo Superior de Investigaciones Científicas,3,,,,
,,,Procedia Computer Science,2,,,,,,,,Information Fusion,2,,,,,,,,Balıkesir University,1,,,,,,,,,,,,,,Natural Science Foundation of Chongqing,1,,,,,,,,Daniel Witschard,1,,,,,,,,American Physical Society,1,,,,,,,,,,,Benchmark (surveying),4,,Luca Leuzzi,2,,,,,,,,Diagnosis and Management of Alzheimer's Disease,1,,University of Salento,3,,,,
,,,Security and Communication Networks,2,,,,,,,,Engineering Applications of Artificial Intelligence,2,,,,,,,,Çanakkale Onsekiz Mart Üniversitesi,1,,,,,,,,,,,,,,Universiti Teknologi Malaysia,1,,,,,,,,Ali Akar,1,,,,,,,,Annual Reviews,1,,,,,,,,,,,Chatbot,4,,Christian Herzog,2,,,,,,,,Electrocatalysis for Energy Conversion,1,,Federation University,3,,,,
,,,Safety Science,2,,,,,,,,Frontiers in Psychology,2,,,,,,,,University of Rome Tor Vergata,1,,,,,,,,,,,,,,Fundação de Apoio à Pesquisa do Distrito Federal,1,,,,,,,,Gopaiah Talari,1,,,,,,,,University of Jyväskylä,1,,,,,,,,,,,Community Structure,4,,Lorenzo Porcaro,2,,,,,,,,Deep Learning in Computer Vision and Image Recognition,1,,Max Planck Society,3,,,,
,,,Discrete Dynamics in Nature and Society,2,,,,,,,,Frontiers in Neurology,2,,,,,,,,Meharry Medical College,1,,,,,,,,,,,,,,Vedecká Grantová Agentúra MŠVVaŠ SR a SAV,1,,,,,,,,Yu Hu,1,,,,,,,,Royal Society of Chemistry,1,,,,,,,,,,,Competitive Intelligence,4,,Julien Siebert,2,,,,,,,,Tuberculosis,1,,University of Ljubljana,3,,,,
,,,Frontiers in Pharmacology,2,,,,,,,,Journal of Documentation,1,,,,,,,,Australian National University,1,,,,,,,,,,,,,,Bundesministerium für Bildung und Frauen,1,,,,,,,,Anton Petushkov,1,,,,,,,,Brill,1,,,,,,,,,,,Content Analysis,4,,Gerd Stumme,2,,,,,,,,Robotic Control and Stabilization Techniques,1,,Universität Hamburg,3,,,,
,,,The International Journal of Digital Accounting Research,2,,,,,,,,Economic Research-Ekonomska Istraživanja,1,,,,,,,,National Institute of Technology Karnataka,1,,,,,,,,,,,,,,Natural Science Foundation of Tianjin City,1,,,,,,,,Mohamed M. Mostafa,1,,,,,,,,"International Academy of Technology, Education and Development",1,,,,,,,,,,,Dynamic Safety Analysis,4,,Mohamed Osmani,2,,,,,,,,Tourism and its Impact on Communities,1,,Queensland University of Technology,3,,,,
,,,Mobile Information Systems,2,,,,,,,,Amfiteatru Economic,1,,,,,,,,Roma Tre University,1,,,,,,,,,,,,,,Natural Science Foundation of Shandong Province,1,,,,,,,,Nicole Rose I. Alberto,1,,,,,,,,ComSIS Consortium,1,,,,,,,,,,,Dynamics,4,,Bruno Damásio,2,,,,,,,,Face Recognition and Dimensionality Reduction Techniques,1,,University of Sussex,3,,,,
,,,Automation in Construction,2,,,,,,,,Psychology and Marketing,1,,,,,,,,Shandong University of Technology,1,,,,,,,,,,,,,,Guangdong Science and Technology Department,1,,,,,,,,Maya Daneva,1,,,,,,,,European Alliance for Innovation,1,,,,,,,,,,,Enabling,4,,Barbara Alicja Jereczek‐Fossa,2,,,,,,,,Entrepreneurship and Business Innovation,1,,Aston University,3,,,,
,,,Materials,2,,,,,,,,European Journal of Operational Research,1,,,,,,,,Papua New Guinea University of Technology,1,,,,,,,,,,,,,,National Research University Higher School of Economics,1,,,,,,,,Aurelio F. Bariviera,1,,,,,,,,Pablo de Olavide University,1,,,,,,,,,,,Energy Efficiency,4,,Wei Lu,2,,,,,,,,Nanoparticle-Based Drug Delivery Systems,1,,University of South Australia,3,,,,
,,,Symmetry,2,,,,,,,,Therapeutic Innovation & Regulatory Science,1,,,,,,,,Higher Colleges of Technology,1,,,,,,,,,,,,,,King Khalid University,1,,,,,,,,Francesco Poggi,1,,,,,,,,AME Publishing Company,1,,,,,,,,,,,Heuristics,4,,R. Muhammad Atif Azad,2,,,,,,,,User Acceptance of Information Technology,1,,University of Cagliari,3,,,,
,,,Entropy,2,,,,,,,,IEEE Transactions on Affective Computing,1,,,,,,,,Instituto de Engenharia de Sistemas e Computadores Investigação e Desenvolvimento,1,,,,,,,,,,,,,,Silesian University of Technology,1,,,,,,,,H. Tokashiki,1,,,,,,,,ARMG Publishing,1,,,,,,,,,,,HR Analytics,4,,Paula Espírito Santo,2,,,,,,,,Osteoporosis,1,,Nanyang Technological University,3,,,,
,,,Scientific Reports,2,,,,,,,,IEEE Computer Graphics and Applications,1,,,,,,,,Leiden University,1,,,,,,,,,,,,,,Julius-Maximilians-Universität Würzburg,1,,,,,,,,Nian Ding,1,,,,,,,,IMR Press,1,,,,,,,,,,,Information Seeking Behavior,4,,Cheongil Kim,2,,,,,,,,Financial Reporting and Earnings Management,1,,University of Southern Denmark,3,,,,
,,,Complexity,2,,,,,,,,BMC Medical Informatics and Decision Making,1,,,,,,,,Marche Polytechnic University,1,,,,,,,,,,,,,,Education University of Hong Kong,1,,,,,,,,Chunqi Hu,1,,,,,,,,,,,,,,,,,,,,Internet of Things,4,,Konstantina Ragazou,2,,,,,,,,Cloud Computing and Big Data Technologies,1,,Universidade de São Paulo,3,,,,
,,,International Journal of Advanced Computer Science and Applications,2,,,,,,,,Applied Energy,1,,,,,,,,Universitat Autònoma de Barcelona,1,,,,,,,,,,,,,,Priority Academic Program Development of Jiangsu Higher Education Institutions,1,,,,,,,,Shubham Sharma,1,,,,,,,,,,,,,,,,,,,,IoT Security,4,,Isabelle Hupont,2,,,,,,,,Heat Transfer Enhancement in Nanofluids,1,,Simon Fraser University,3,,,,
,,,Frontiers in Plant Science,2,,,,,,,,Empirical Software Engineering,1,,,,,,,,Università degli Studi del Piemonte Orientale “Amedeo Avogadro”,1,,,,,,,,,,,,,,Ministry of the Interior and Safety,1,,,,,,,,Vanessa Campanacho,1,,,,,,,,,,,,,,,,,,,,Knowledge Representation,4,,Ngai‐Man Cheung,2,,,,,,,,Osteoarthritis and Cartilage Repair,1,,Shanghai Jiao Tong University,3,,,,
,,,SoftwareX,2,,,,,,,,Nutrients,1,,,,,,,,University of North Texas,1,,,,,,,,,,,,,,National Office for Philosophy and Social Sciences,1,,,,,,,,Daniel Cabrera,1,,,,,,,,,,,,,,,,,,,,Obesity-associated Microbiome,4,,Weiguo Dong,2,,,,,,,,Autism Spectrum Disorders,1,,University of Oslo,3,,,,
,,,Frontiers in Cellular and Infection Microbiology,2,,,,,,,,Journal of Shanghai Jiaotong University (Science),1,,,,,,,,Pohang University of Science and Technology,1,,,,,,,,,,,,,,Universität Kassel,1,,,,,,,,Cătălina Radu,1,,,,,,,,,,,,,,,,,,,,Online Credibility,4,,Xiaoqiang Cheng,2,,,,,,,,Remote Sensing in Vegetation Monitoring and Phenology,1,,Utrecht University,3,,,,
,,,Frontiers in Medicine,2,,,,,,,,Human Resource Management Journal,1,,,,,,,,Ben-Gurion University of the Negev,1,,,,,,,,,,,,,,Junta de Castilla y León,1,,,,,,,,Camelia Delcea,1,,,,,,,,,,,,,,,,,,,,Organizational Resilience,4,,Jintao Hu,2,,,,,,,,Corporate Social Responsibility and Financial Performance,1,,Tilburg University,3,,,,
,,,Frontiers in Endocrinology,2,,,,,,,,Technological and Economic Development of Economy,1,,,,,,,,Peoples' Friendship University of Russia,1,,,,,,,,,,,,,,Narodowa Agencja Wymiany Akademickiej,1,,,,,,,,Hong‐Wen Deng,1,,,,,,,,,,,,,,,,,,,,Probabilistic Forecasting,4,,Daniel Hook,2,,,,,,,,Sustainability Transitions and Resilience in Social-Ecological Systems,1,,Yonsei University,3,,,,
,,,Publications,2,,,,,,,,Energy & Environmental Science,1,,,,,,,,Jagiellonian University,1,,,,,,,,,,,,,,Lingnan University,1,,,,,,,,Sunday Adewale Olaleye,1,,,,,,,,,,,,,,,,,,,,Representation Learning,4,,Cinzia Daraio,2,,,,,,,,Building Energy Efficiency and Thermal Comfort Optimization,1,,University of Aberdeen,3,,,,
,,,Land,2,,,,,,,,Journal of Business and Industrial Marketing,1,,,,,,,,Gachon University,1,,,,,,,,,,,,,,Universidad de Extremadura,1,,,,,,,,Hui Cao,1,,,,,,,,,,,,,,,,,,,,Research Methodology,4,,Alexandre Delanoë,2,,,,,,,,Management of Hypertension and Cardiovascular Risk Factors,1,,University of Washington,3,,,,
,,,International Journal of Interactive Multimedia and Artificial Intelligence,2,,,,,,,,Computer Standards & Interfaces,1,,,,,,,,Universidade Tecnológica Federal do Paraná,1,,,,,,,,,,,,,,University of Zululand,1,,,,,,,,Mokhaled N. A. Al-Hamadani,1,,,,,,,,,,,,,,,,,,,,Sample (material),4,,Wirapong Chansanam,2,,,,,,,,Consumer Behavior in Brand Consumption and Identification,1,,Université Paris Cité,3,,,,
,,,JMIR mhealth and uhealth,2,,,,,,,,Engineering Construction & Architectural Management,1,,,,,,,,Organisation de Coopération et de Développement Economiques,1,,,,,,,,,,,,,,Natural Science Foundation of Tibet Autonomous Region,1,,,,,,,,Zhongzhu Ai,1,,,,,,,,,,,,,,,,,,,,Scientific Data Management,4,,Murtuza Shahzad,2,,,,,,,,Global Challenge of Antibiotic Resistance in Bacteria,1,,Kyoto University,3,,,,
,,,Informatics in Education,2,,,,,,,,Telecommunications Policy,1,,,,,,,,University of South Wales,1,,,,,,,,,,,,,,RUDN University,1,,,,,,,,Ivan Savin,1,,,,,,,,,,,,,,,,,,,,Semantic Similarity,4,,Jann Michael Weinand,2,,,,,,,,"Customer Relationships, Behavior, and Loyalty",1,,University of Bristol,3,,,,
,,,Journal of Data and Information Science,2,,,,,,,,Asian Pacific Journal of Cancer Prevention,1,,,,,,,,Tufts Medical Center,1,,,,,,,,,,,,,,Ministerio de Educación y Formación Profesional,1,,,,,,,,Jaume Segura-García,1,,,,,,,,,,,,,,,,,,,,Short-Term Forecasting,4,,David Fernández-Amorós,2,,,,,,,,Cancer Immunotherapy,1,,Beijing University of Technology,3,,,,
,,,International Journal of Financial Studies,2,,,,,,,,Software Practice and Experience,1,,,,,,,,Northeastern University,1,,,,,,,,,,,,,,Universidad de Almería,1,,,,,,,,Nazlı Ruya TAŞKIN BEDİZEL,1,,,,,,,,,,,,,,,,,,,,Social Distancing,4,,Olha Anatoliivna Kramarenko,2,,,,,,,,Transformative Potential of Blended Learning in Education,1,,University of Warwick,3,,,,
,,,Journal of King Saud University - Computer and Information Sciences,2,,,,,,,,Research in Engineering Design,1,,,,,,,,École Supérieure de Commerce de Toulouse,1,,,,,,,,,,,,,,Sixth Framework Programme,1,,,,,,,,Yi Zeng,1,,,,,,,,,,,,,,,,,,,,Social Influence,4,,Xuewen Tao,2,,,,,,,,Emotion Regulation and Psychopathology in Children and Adolescents,1,,"Laboratoire d'Automatique, de Mécanique et d'Informatique Industrielles et Humaines",3,,,,
,,,The Journal of Supercomputing,2,,,,,,,,Computers & Security,1,,,,,,,,Commonwealth Scientific and Industrial Research Organisation,1,,,,,,,,,,,,,,Qatar National Library,1,,,,,,,,Maxime Rivest,1,,,,,,,,,,,,,,,,,,,,Social network (sociolinguistics),4,,Samad M. E. Sepasgozar,2,,,,,,,,Advanced Monitoring of Machining Operations,1,,ARMINES,3,,,,
,,,Future Internet,2,,,,,,,,Journal of Economic Literature,1,,,,,,,,Centre National de la Recherche Scientifique,1,,,,,,,,,,,,,,Social Sciences and Humanities Research Council of Canada,1,,,,,,,,Juan Ignacio Vidal,1,,,,,,,,,,,,,,,,,,,,Supply Chain Resilience,4,,Tom Hanika,2,,,,,,,,Health Effects of Air Pollution,1,,CNRS Ingénierie,3,,,,
,,,Social Sciences,2,,,,,,,,Journal of Pain Research,1,,,,,,,,University of Sydney,1,,,,,,,,,,,,,,Science and Technology Facilities Council,1,,,,,,,,Mariana-Daniela González-Zamar,1,,,,,,,,,,,,,,,,,,,,Sustainability science,4,,Hamed Alhoori,2,,,,,,,,Mechanisms and Management of Neuropathic Pain,1,,Sun Yat-sen Memorial Hospital,3,,,,
,,,Internet of Things,2,,,,,,,,Expert Systems with Applications,1,,,,,,,,National Renewable Energy Laboratory,1,,,,,,,,,,,,,,Japan Science and Technology Agency,1,,,,,,,,David Chavalarias,1,,,,,,,,,,,,,,,,,,,,Sustainable Supply Chain Management,4,,Quentin Lobbé,2,,,,,,,,Fiber Optic Sensor Technology,1,,GESIS - Leibniz-Institute for the Social Sciences,3,,,,
,,,Journal of Health Sciences and Medicine,2,,,,,,,,International Journal of Software Engineering and Knowledge Engineering,1,,,,,,,,Częstochowa University of Technology,1,,,,,,,,,,,,,,"Research Center of the College of Computer and Information Sciences, King Saud University",1,,,,,,,,Sikandar Ali,1,,,,,,,,,,,,,,,,,,,,Text Mining,4,,Mohammad Iranmanesh,2,,,,,,,,Epidemiology and Management of Sepsis and Septic Shock,1,,Institute for Systems Engineering and Computers,3,,,,
,,,Machine Learning with Applications,2,,,,,,,,Creativity and Innovation Management,1,,,,,,,,Universidade Federal do Rio Grande do Sul,1,,,,,,,,,,,,,,Beijing Municipal Natural Science Foundation,1,,,,,,,,Cristian Mejía,1,,,,,,,,,,,,,,,,,,,,Tourism Research,4,,Ivan Lee,2,,,,,,,,Machine Fault Diagnosis and Prognostics,1,,Laboratoire Génie de Production,3,,,,
,,,International Journal of Online and Biomedical Engineering (iJOE),2,,,,,,,,Water,1,,,,,,,,Pontificia Universidad Católica de Valparaíso,1,,,,,,,,,,,,,,Strategic Research Council,1,,,,,,,,Célia Rafael,1,,,,,,,,,,,,,,,,,,,,Transfer Learning,4,,Roger S. McIntyre,2,,,,,,,,Global Analysis of Ecosystem Services and Land Use,1,,Search,3,,,,
,,,International Journal of Data and Network Science,2,,,,,,,,Cities,1,,,,,,,,Pennsylvania State University,1,,,,,,,,,,,,,,Guangzhou Municipal Science and Technology Project,1,,,,,,,,Zhou He,1,,,,,,,,,,,,,,,,,,,,Analytics,3,,Jagdev Bhogal,2,,,,,,,,Transformation of Medical Education and Professionalism,1,,L3S Research Center,3,,,,
,,,Information,2,,,,,,,,Tunnelling and Underground Space Technology,1,,,,,,,,Peruvian University of Applied Sciences,1,,,,,,,,,,,,,,National Natural Science Foundation of China-Yunnan Joint Fund,1,,,,,,,,Bia Carneiro,1,,,,,,,,,,,,,,,,,,,,BIM,3,,Amna Dridi,2,,,,,,,,Eating Disorders and Body Image Concerns,1,,Institut Polytechnique de Paris,3,,,,
,,,Machines,2,,,,,,,,Journal of Translational Medicine,1,,,,,,,,Universidad de Cantabria,1,,,,,,,,,,,,,,"Humanities and Social Sciences Youth Foundation, Ministry of Education of the People's Republic of China",1,,,,,,,,Charles Senteio,1,,,,,,,,,,,,,,,,,,,,Business analytics,3,,Giulia Marvaso,2,,,,,,,,Global Forest Drought Response and Climate Change,1,,Ministry of Agriculture and Rural Affairs,3,,,,
,,,Journal of Open Innovation Technology Market and Complexity,2,,,,,,,,ACM Transactions on Software Engineering and Methodology,1,,,,,,,,Beth Israel Deaconess Medical Center,1,,,,,,,,,,,,,,Basic and Applied Basic Research Foundation of Guangdong Province,1,,,,,,,,Daniel W. A. Noble,1,,,,,,,,,,,,,,,,,,,,Cloud Computing,3,,Saeed‐Ul Hassan,2,,,,,,,,Shoulder Pathology and Treatment Outcomes,1,,Istituti di Ricovero e Cura a Carattere Scientifico,3,,,,
,,,Data,2,,,,,,,,Environment International,1,,,,,,,,RELX Group (Netherlands),1,,,,,,,,,,,,,,Nuclear Fuel Cycle and Supply Chain,1,,,,,,,,Sotiris Kotitsas,1,,,,,,,,,,,,,,,,,,,,Co-citation,3,,R.A. Carrasco,2,,,,,,,,Lithium Battery Technologies,1,,University of Chinese Academy of Sciences,3,,,,
,,,Yearbook of Medical Informatics,2,,,,,,,,Library Hi Tech,1,,,,,,,,Union Hospital,1,,,,,,,,,,,,,,National Institute on Drug Abuse,1,,,,,,,,Hafize Nurgül DURMUŞ ŞENYAPAR,1,,,,,,,,,,,,,,,,,,,,Condition-Based Maintenance,3,,Giulio Di Gravio,2,,,,,,,,Information Retrieval Techniques and Evaluation,1,,Polytechnique Montréal,3,,,,
,,,Sussex Research Online (University of Sussex),2,,,,,,,,Technology in Society,1,,,,,,,,Bialystok University of Technology,1,,,,,,,,,,,,,,National Center for Science and Engineering Statistics,1,,,,,,,,Manuel J. Cobo,1,,,,,,,,,,,,,,,,,,,,Content-Based Recommendation,3,,Ilya Kuzminov,2,,,,,,,,Management of Acute Myocardial Infarction,1,,University of Technology Malaysia,3,,,,
,,,PolyU Institutional Research Archive (Hong Kong Polytechnic University),2,,,,,,,,Environment Development and Sustainability,1,,,,,,,,Information Technology University,1,,,,,,,,,,,,,,H2020 Societal Challenges,1,,,,,,,,Giang Hai Ha,1,,,,,,,,,,,,,,,,,,,,Context-Aware Recommender Systems,3,,Gary Cheng,2,,,,,,,,Importance and Conservation of Freshwater Biodiversity,1,,Imperial College London,3,,,,
,,,University of Oulu Repository (University of Oulu),2,,,,,,,,Journal of Intelligent Manufacturing,1,,,,,,,,University of Debrecen,1,,,,,,,,,,,,,,Interreg,1,,,,,,,,Gollam Rabby,1,,,,,,,,,,,,,,,,,,,,Coronavirus,3,,Enrique Herrera–Viedma,2,,,,,,,,Epidemiology and Treatment of Head and Neck Cancer,1,,Ulsan National Institute of Science and Technology,3,,,,
,,,Re-Unir (International University of La Rioja),2,,,,,,,,Education and Information Technologies,1,,,,,,,,University of Dubai,1,,,,,,,,,,,,,,European Social Fund,1,,,,,,,,Jagajjit Sahu,1,,,,,,,,,,,,,,,,,,,,Data Cleaning,3,,Maria Giulia Vincini,2,,,,,,,,Visual Object Tracking and Person Re-identification,1,,Istanbul Technical University,3,,,,
,,,University of Southern Denmark Research Portal (University of Southern Denmark),2,,,,,,,,African Health Sciences,1,,,,,,,,Mayo Clinic,1,,,,,,,,,,,,,,Center of Innovation Program,1,,,,,,,,Tiffany Chua,1,,,,,,,,,,,,,,,,,,,,Data Integration,3,,Ketan Kotecha,2,,,,,,,,Cochlear Neuropathy and Hearing Loss Mechanisms,1,,Universidad Carlos III de Madrid,3,,,,
,,,Research Online (Edith Cowan University),2,,,,,,,,Construction Innovation,1,,,,,,,,Collegio Carlo Alberto,1,,,,,,,,,,,,,,Programma Operativo Nazionale Ricerca e Competitività,1,,,,,,,,Amit K. Shukla,1,,,,,,,,,,,,,,,,,,,,Data Reuse,3,,Gianmaria Silvello,2,,,,,,,,Efficiency Analysis in Production and Resource Allocation,1,,University of Lincoln,3,,,,
,,,Aston Publications Explorer (Aston University),2,,,,,,,,Journal of Biomedical Semantics,1,,,,,,,,American Museum of Natural History,1,,,,,,,,,,,,,,Air Force Office of Scientific Research,1,,,,,,,,Ajithakumari Vijayappan Nair Biju,1,,,,,,,,,,,,,,,,,,,,Data set,3,,Giulia Corrao,2,,,,,,,,Global Oral Health and Dental Caries,1,,The Ohio State University,3,,,,
,,,Aston Publications Explorer (Aston University),2,,,,,,,,IEEE Transactions on Network and Service Management,1,,,,,,,,National Taiwan Normal University,1,,,,,,,,,,,,,,Argonne National Laboratory,1,,,,,,,,Abdullah MARAŞ,1,,,,,,,,,,,,,,,,,,,,Design for Manufacture,3,,Adam Jatowt,2,,,,,,,,Cholesterol-lowering Treatment,1,,University of Turin,3,,,,
,,,UPCommons (Polytechnic University of Catalonia),2,,,,,,,,Information Processing & Management,1,,,,,,,,University of Wisconsin–Madison,1,,,,,,,,,,,,,,H2020 European Research Council,1,,,,,,,,Angeliki Peponi,1,,,,,,,,,,,,,,,,,,,,Digital Humanities,3,,Sarah Rajtmajer,2,,,,,,,,Network Intrusion Detection and Defense Mechanisms,1,,Tianjin Medical University,3,,,,
,,,Institutional Research Information System University of Turin (University of Turin),2,,,,,,,,Mathematical Problems in Engineering,1,,,,,,,,Ritsumeikan University,1,,,,,,,,,,,,,,H2020 Society,1,,,,,,,,Fabian Scheller,1,,,,,,,,,,,,,,,,,,,,E-Learning,3,,Seunghoo Jeong,2,,,,,,,,Antibiotic Resistance in Aquatic Environments and Wastewater,1,,Southern Medical University,3,,,,
,,,Hrčak Portal of scientific journals of Croatia (University Computing Centre),2,,,,,,,,Frontiers in Neuroinformatics,1,,,,,,,,Shenyang Agricultural University,1,,,,,,,,,,,,,,Natural Science Foundation of Zhejiang Province,1,,,,,,,,Valeriia Herasymenko,1,,,,,,,,,,,,,,,,,,,,Electricity Price Forecasting,3,,Agnieszka Konys,2,,,,,,,,Brain-Computer Interfaces in Neuroscience and Medicine,1,,Qatar University,3,,,,
,,,Universidade Nova de Lisboa's Repository (Universidade Nova de Lisboa),2,,,,,,,,European Heart Journal,1,,,,,,,,Harvard University,1,,,,,,,,,,,,,,,,,,,,,,,Pedro Coelho,1,,,,,,,,,,,,,,,,,,,,Epidemic Detection,3,,Jiawan Zhang,2,,,,,,,,Agile Software Development in Software Engineering,1,,Massachusetts Institute of Technology,3,,,,
,,,"Technical University of Denmark, DTU Orbit (Technical University of Denmark, DTU)",2,,,,,,,,British Journal of Management,1,,,,,,,,Garvan Institute of Medical Research,1,,,,,,,,,,,,,,,,,,,,,,,Rasmus Andersen,1,,,,,,,,,,,,,,,,,,,,Epidemiology,3,,Anton Boyko,2,,,,,,,,Neural Mechanisms of Memory Formation and Spatial Navigation,1,,University of Milano-Bicocca,3,,,,
,,,Repositorio de Patentes de la Universidad de Almería (Universidad de Almería),2,,,,,,,,International Journal of Production Economics,1,,,,,,,,Tianjin University of Technology,1,,,,,,,,,,,,,,,,,,,,,,,Xinjian Wang,1,,,,,,,,,,,,,,,,,,,,Fintech,3,,Amos Darko,2,,,,,,,,Reinforcement Learning Algorithms,1,,AGH University of Krakow,3,,,,
,,,e-Archivo (Carlos III University of Madrid),2,,,,,,,,The Journal of Technology Transfer,1,,,,,,,,University of Hertfordshire,1,,,,,,,,,,,,,,,,,,,,,,,Francisco Rodrigues Lima,1,,,,,,,,,,,,,,,,,,,,Flood Inundation Modeling,3,,Damien Trentesaux,2,,,,,,,,Photovoltaic Maximum Power Point Tracking Techniques,1,,Université Polytechnique Hauts-de-France,3,,,,
,,,DiVA (Linkoping University),2,,,,,,,,Competition & Change,1,,,,,,,,University of Sfax,1,,,,,,,,,,,,,,,,,,,,,,,Giacomo Frisoni,1,,,,,,,,,,,,,,,,,,,,Globe,3,,Paúl Carrión-Mero,2,,,,,,,,Principles and Interventions in Stroke Rehabilitation,1,,University of Reading,3,,,,
,,,Leiden Repository (Leiden University),2,,,,,,,,Electronic Commerce Research and Applications,1,,,,,,,,University of Salento,1,,,,,,,,,,,,,,,,,,,,,,,Chiehyeon Lim,1,,,,,,,,,,,,,,,,,,,,Granularity,3,,Bartłomiej Gładysz,2,,,,,,,,Landslide Hazards and Risk Assessment,1,,Cardiff University,3,,,,
,,,Bristol Research (University of Bristol),2,,,,,,,,BMC Bioinformatics,1,,,,,,,,Wenzhou University,1,,,,,,,,,,,,,,,,,,,,,,,Stefan Hajkowicz,1,,,,,,,,,,,,,,,,,,,,Grey Literature,3,,Zeshui Xu,2,,,,,,,,Attention-Deficit/Hyperactivity Disorder,1,,University of Birmingham,3,,,,
,,,Theseus (Ammattikorkeakoulujen),2,,,,,,,,Algorithms,1,,,,,,,,University of Shanghai for Science and Technology,1,,,,,,,,,,,,,,,,,,,,,,,William W. Binotti,1,,,,,,,,,,,,,,,,,,,,Group Decision Making,3,,Jia Li,2,,,,,,,,Data Mining Techniques and Applications,1,,University of Hong Kong,3,,,,
,,,ORCA Online Research @Cardiff (Cardiff University),2,,,,,,,,International Journal of Computational Intelligence Systems,1,,,,,,,,Netherlands Organisation for Applied Scientific Research,1,,,,,,,,,,,,,,,,,,,,,,,Yüksel Altınel,1,,,,,,,,,,,,,,,,,,,,Gut Microbiota,3,,Zeyu Li,2,,,,,,,,Scheduling Problems in Manufacturing Systems,1,,Aalborg University,3,,,,
,,,SocArXiv (OSF Preprints),2,,,,,,,,Journal of Intellectual Capital,1,,,,,,,,University of Antwerp,1,,,,,,,,,,,,,,,,,,,,,,,Sunday Adeola Ajagbe,1,,,,,,,,,,,,,,,,,,,,Health Literacy,3,,Haiwen Feng,2,,,,,,,,The Impact of Digital Media on Public Discourse,1,,Wageningen University & Research,3,,,,
,,,BOA (University of Milano-Bicocca),2,,,,,,,,DYNA,1,,,,,,,,Ca' Foscari University of Venice,1,,,,,,,,,,,,,,,,,,,,,,,Ricardo Chalmeta,1,,,,,,,,,,,,,,,,,,,,Intelligent Transportation Systems,3,,Zhichang Zhang,2,,,,,,,,Biomechanical Properties of the Cornea and Related Diseases,1,,Technische Universität Braunschweig,3,,,,
,,,EUR Research Repository (Erasmus University Rotterdam),2,,,,,,,,Computers & Industrial Engineering,1,,,,,,,,Federation University,1,,,,,,,,,,,,,,,,,,,,,,,Di Zou,1,,,,,,,,,,,,,,,,,,,,Interpretable Models,3,,Yunmei Liu,2,,,,,,,,Neuronal Oscillations in Cortical Networks,1,,Stanford University,3,,,,
,,,Repositorio Institucional de la Universidad de Huelva (Universidad de Huelva),2,,,,,,,,Geoderma,1,,,,,,,,Kent State University,1,,,,,,,,,,,,,,,,,,,,,,,Abdallah Alzoubi,1,,,,,,,,,,,,,,,,,,,,IoT Integration,3,,Qian Zhang,2,,,,,,,,Maternal and Child Nutrition in Developing Countries,1,,Linköping University,2,,,,
,,,Repositorio Institucional de la Universidad de Málaga (University of Málaga),2,,,,,,,,Government Information Quarterly,1,,,,,,,,Hunan University of Traditional Chinese Medicine,1,,,,,,,,,,,,,,,,,,,,,,,Leo Anthony Celi,1,,,,,,,,,,,,,,,,,,,,Judgement,3,,Xin Li,2,,,,,,,,Consequences of Mortgage Credit Expansion and Housing Market Dynamics,1,,University of North Carolina at Charlotte,2,,,,
,,,Cronfa (Swansea University),2,,,,,,,,Evolving Systems,1,,,,,,,,MODUL University Vienna,1,,,,,,,,,,,,,,,,,,,,,,,Michael Färber,1,,,,,,,,,,,,,,,,,,,,Machine Learning,3,,Vilém Sklenák,1,,,,,,,,Chemometrics in Analytical Chemistry and Food Technology,1,,"Rutgers, The State University of New Jersey",2,,,,
,,,Open Publications Of UTS Scholars (University of Technology Sydney),2,,,,,,,,Reliability Engineering & System Safety,1,,,,,,,,Tarbiat Modares University,1,,,,,,,,,,,,,,,,,,,,,,,Zoe Kotti,1,,,,,,,,,,,,,,,,,,,,Machine Learning Interpretability,3,,Scott W. Cunningham,1,,,,,,,,Social Preferences and Economic Behavior,1,,Northern Illinois University,2,,,,
,,,UpSpace Institutional Repository (University of Pretoria),2,,,,,,,,Information and Software Technology,1,,,,,,,,Harbin Engineering University,1,,,,,,,,,,,,,,,,,,,,,,,Malinka Ivanova,1,,,,,,,,,,,,,,,,,,,,Maintenance Optimization,3,,Diane Gal,1,,,,,,,,Virtual Presence and Embodiment in VR Research,1,,Università Cattolica del Sacro Cuore,2,,,,
,,,Singapore Management University Institutional Knowledge (InK) (Singapore Management University),2,,,,,,,,Economic Inquiry,1,,,,,,,,North China Electric Power University,1,,,,,,,,,,,,,,,,,,,,,,,Agostinho Sousa Pinto,1,,,,,,,,,,,,,,,,,,,,Manufacturing,3,,Swagatam Das,1,,,,,,,,Emotion Recognition and Analysis in Multimodal Data,1,,University of Kassel,2,,,,
,,,Lirias (KU Leuven),2,,,,,,,,Computer Science and Information Systems,1,,,,,,,,National Taiwan Ocean University,1,,,,,,,,,,,,,,,,,,,,,,,Jui-Che Tu,1,,,,,,,,,,,,,,,,,,,,Model Interpretability,3,,Andrew J. Hoffman,1,,,,,,,,QoS-Aware Web Services Composition and Semantic Matching,1,,Universidad de Valladolid,2,,,,
,,,Open Research Exeter (University of Exeter),2,,,,,,,,International Journal of Learning and Change,1,,,,,,,,University of Ottawa,1,,,,,,,,,,,,,,,,,,,,,,,Jaiteg Singh,1,,,,,,,,,,,,,,,,,,,,Network Analysis,3,,Ebru Kılıç Çakmak,1,,,,,,,,Hyperspectral Image Analysis and Classification,1,,Warsaw University of Technology,2,,,,
,,,Florence Research (University of Florence),2,,,,,,,,Wireless Communications and Mobile Computing,1,,,,,,,,University of Ljubljana,1,,,,,,,,,,,,,,,,,,,,,,,Daniela Roxana Vuță,1,,,,,,,,,,,,,,,,,,,,Network Embedding,3,,Fatma Patlar Akbulut,1,,,,,,,,Information Security Policy Compliance and Awareness,1,,Jiangxi University of Traditional Chinese Medicine,2,,,,
,,,Estudo Geral (Universidad de Coimbra),2,,,,,,,,International Journal of Ophthalmology,1,,,,,,,,University of Alberta,1,,,,,,,,,,,,,,,,,,,,,,,Guoliang Chai,1,,,,,,,,,,,,,,,,,,,,Network Pharmacology,3,,Gabriel Hernando Cadavid-Marín,1,,,,,,,,Impact of Health Literacy on Health Outcomes,1,,Lovely Professional University,2,,,,
,,,Research Portal (Queen's University Belfast),2,,,,,,,,Frontiers in Microbiology,1,,,,,,,,West Pomeranian University of Technology,1,,,,,,,,,,,,,,,,,,,,,,,Riccardo Dainelli,1,,,,,,,,,,,,,,,,,,,,Neuroimaging Data Analysis,3,,Katharina Bürger,1,,,,,,,,Automated Software Testing Techniques,1,,Northwestern University,2,,,,
,,,Chalmers Research (Chalmers University of Technology),2,,,,,,,,Big Data Research,1,,,,,,,,University of Trás-os-Montes and Alto Douro,1,,,,,,,,,,,,,,,,,,,,,,,Theodore Lim,1,,,,,,,,,,,,,,,,,,,,Ophthalmology,3,,Cristóvão Silva,1,,,,,,,,Vehicular Ad Hoc Networks and Communications,1,,Hiroshima University,2,,,,
,,,Padua Research Archive (University of Padova),2,,,,,,,,Transportmetrica B Transport Dynamics,1,,,,,,,,Jordan University of Science and Technology,1,,,,,,,,,,,,,,,,,,,,,,,Zaili Yang,1,,,,,,,,,,,,,,,,,,,,Pace,3,,Yiliu He,1,,,,,,,,Nanotechnology and Imaging for Cancer Therapy and Diagnosis,1,,University of North Carolina at Chapel Hill,2,,,,
,,,ZBW Publication Archive (ZBW – Leibniz Information Centre for Economics),2,,,,,,,,Journal of Retailing and Consumer Services,1,,,,,,,,Fernando Pessoa University,1,,,,,,,,,,,,,,,,,,,,,,,Mike Thelwall,1,,,,,,,,,,,,,,,,,,,,Pandemics,3,,Nora Chiriță,1,,,,,,,,Additive Manufacturing and 3D Printing Technologies,1,,Tokyo Institute of Technology,2,,,,
,,,QUT ePrints (Queensland University of Technology),2,,,,,,,,Frontiers in Bioengineering and Biotechnology,1,,,,,,,,RMIT Vietnam,1,,,,,,,,,,,,,,,,,,,,,,,Nihit Goyal,1,,,,,,,,,,,,,,,,,,,,Peer-to-Peer Lending,3,,Timothy T. Adeliyi,1,,,,,,,,Design and Implementation of Management Control Systems,1,,École Normale Supérieure Paris-Saclay,2,,,,
,,,Repositori digital de la UPF (Universitat Pompeu Fabra),2,,,,,,,,Frontiers in Sociology,1,,,,,,,,"California State University, Northridge",1,,,,,,,,,,,,,,,,,,,,,,,Magda Fontana,1,,,,,,,,,,,,,,,,,,,,Profiling (computer programming),3,,Roy Mendieta,1,,,,,,,,Synthetic Aperture Radar Interferometry,1,,Griffith University,2,,,,
,,,Monash University Research Portal (Monash University),2,,,,,,,,Frontiers in Education,1,,,,,,,,Presidency University,1,,,,,,,,,,,,,,,,,,,,,,,Yenchun Jim Wu,1,,,,,,,,,,,,,,,,,,,,Realm,3,,Mark A. Chambers,1,,,,,,,,Diversity and Evolution of Fungal Pathogens,1,,University of Hawaiʻi at Mānoa,2,,,,
,,,Oxford University Research Archive (ORA) (University of Oxford),2,,,,,,,,Frontiers in Cell and Developmental Biology,1,,,,,,,,Sun Yat-sen University,1,,,,,,,,,,,,,,,,,,,,,,,Hui Lin,1,,,,,,,,,,,,,,,,,,,,Remanufacturing,3,,Janez Dolšak,1,,,,,,,,Atopic Dermatitis and Skin Microbiome,1,,University of North Florida,2,,,,
,,,Deleted Journal,2,,,,,,,,Frontiers in Genetics,1,,,,,,,,University of Kerala,1,,,,,,,,,,,,,,,,,,,,,,,Abdalsamad Keramatfar,1,,,,,,,,,,,,,,,,,,,,Risk-Based Maintenance,3,,Tengxiang Su,1,,,,,,,,Gender Bias in Academic Medicine and Science,1,,Fujian University of Traditional Chinese Medicine,2,,,,
,,,elib (German Aerospace Center),2,,,,,,,,Scientific Data,1,,,,,,,,FIZ Karlsruhe – Leibniz Institute for Information Infrastructure,1,,,,,,,,,,,,,,,,,,,,,,,Fei Liao,1,,,,,,,,,,,,,,,,,,,,Scholarly Communication,3,,Maria Alzira Pimenta Dinis,1,,,,,,,,Amyotrophic Lateral Sclerosis and Frontotemporal Dementia,1,,Wrocław University of Science and Technology,2,,,,
,,,UNICA IRIS Institutional Research Information System (University of Cagliari),2,,,,,,,,International Transactions in Operational Research,1,,,,,,,,Jinan University,1,,,,,,,,,,,,,,,,,,,,,,,Arindam Brahma,1,,,,,,,,,,,,,,,,,,,,Service Innovation,3,,Yinhua Mai,1,,,,,,,,Analysis of Intellectual Property Rights and Innovation,1,,Edith Cowan University,2,,,,
,,,Frontiers in Physiology,2,,,,,,,,Migration Studies,1,,,,,,,,COMSATS University Islamabad,1,,,,,,,,,,,,,,,,,,,,,,,Juan David Rubiano Granada,1,,,,,,,,,,,,,,,,,,,,Service Science,3,,Sony Hartono Wijaya,1,,,,,,,,Clustered Regularly Interspaced Short Palindromic Repeats and CRISPR-associated proteins,1,,Johannes Kepler University of Linz,2,,,,
,,,Information Visualization,2,,,,,,,,GigaScience,1,,,,,,,,Universitat de València,1,,,,,,,,,,,,,,,,,,,,,,,Ignacio Fernandez De Arroyabe,1,,,,,,,,,,,,,,,,,,,,Signal Processing on Graphs,3,,Steven G. Rogelberg,1,,,,,,,,Drivers and Impacts of Green Consumer Behavior,1,,Télécom Paris,2,,,,
,,,Journal of Civil Engineering and Management,2,,,,,,,,Antibiotics,1,,,,,,,,Queensland University of Technology,1,,,,,,,,,,,,,,,,,,,,,,,Dipak Sapkota,1,,,,,,,,,,,,,,,,,,,,Software Reliability Modeling,3,,Hovig Tchalian,1,,,,,,,,Ethical Implications of Artificial Intelligence,1,,University of Copenhagen,2,,,,
,,,Technovation,2,,,,,,,,International Journal for Research in Vocational Education and Training,1,,,,,,,,Mondragon University,1,,,,,,,,,,,,,,,,,,,,,,,David Kojo N. Naawu,1,,,,,,,,,,,,,,,,,,,,Spatial Analysis,3,,Liangpin Li,1,,,,,,,,Augmented Reality and its Applications,1,,Beijing Institute of Technology,2,,,,
,,,Computer Science Review,2,,,,,,,,LIBER Quarterly The Journal of the Association of European Research Libraries,1,,,,,,,,University of Sussex,1,,,,,,,,,,,,,,,,,,,,,,,Zirui Xin,1,,,,,,,,,,,,,,,,,,,,Statistical Analysis,3,,Kok Soon Tey,1,,,,,,,,Species Distribution Modeling and Climate Change Impacts,1,,Queen's University Belfast,2,,,,
,,,Applied Intelligence,2,,,,,,,,Energy Sustainability and Society,1,,,,,,,,Karadeniz Technical University,1,,,,,,,,,,,,,,,,,,,,,,,Øystein Sæbø,1,,,,,,,,,,,,,,,,,,,,Stock Market Prediction,3,,Tongsheng Zhang,1,,,,,,,,Global Burden of Antimicrobial Resistance,1,,Peoples' Friendship University of Russia,2,,,,
,,,Information Fusion,2,,,,,,,,Foundations of Computing and Decision Sciences,1,,,,,,,,Hefei University of Technology,1,,,,,,,,,,,,,,,,,,,,,,,Hao Jiang,1,,,,,,,,,,,,,,,,,,,,Strengths and weaknesses,3,,Michele Mingardi,1,,,,,,,,Deep Brain Stimulation for Neurological Disorders,1,,Jagiellonian University,2,,,,
,,,Engineering Applications of Artificial Intelligence,2,,,,,,,,International Journal of Professional Business Review,1,,,,,,,,University of Surabaya,1,,,,,,,,,,,,,,,,,,,,,,,Jasmina Berbegal‐Mirabent,1,,,,,,,,,,,,,,,,,,,,Supply Network Complexity,3,,Rupali Tajanpure,1,,,,,,,,Evolution and Impact of E-Government Initiatives,1,,NEOMA Business School,2,,,,
,,,Frontiers in Psychology,2,,,,,,,,International Journal of Educational Research Review,1,,,,,,,,Universitas Gadjah Mada,1,,,,,,,,,,,,,,,,,,,,,,,Fabián A. Soto,1,,,,,,,,,,,,,,,,,,,,Sustainable Tourism,3,,Noor Almaadeed,1,,,,,,,,Forensic Anthropological Research,1,,École Supérieure de Commerce de Toulouse,2,,,,
,,,Frontiers in Neurology,2,,,,,,,,"The international archives of the photogrammetry, remote sensing and spatial information sciences/International archives of the photogrammetry, remote sensing and spatial information sciences",1,,,,,,,,Hunan University,1,,,,,,,,,,,,,,,,,,,,,,,Hong‐Mei Xiao,1,,,,,,,,,,,,,,,,,,,,Text Data Methods,3,,Manuel Vargas,1,,,,,,,,Terrorism and Radicalization Studies,1,,Częstochowa University of Technology,2,,,,
,,,Journal of Documentation,1,,,,,,,,EAI Endorsed Transactions on Creative Technologies,1,,,,,,,,Venice International University,1,,,,,,,,,,,,,,,,,,,,,,,Yogesh Simmhan,1,,,,,,,,,,,,,,,,,,,,Traceability,3,,Jiexin Pan,1,,,,,,,,Sociomateriality in Information Systems Research,1,,Universidade Federal do Rio Grande do Sul,2,,,,
,,,Economic Research-Ekonomska Istraživanja,1,,,,,,,,Business Systems Research Journal,1,,,,,,,,Tianjin Chengjian University,1,,,,,,,,,,,,,,,,,,,,,,,Broderick Crawford,1,,,,,,,,,,,,,,,,,,,,Trend analysis,3,,Dongliang Shi,1,,,,,,,,Cardiac Surgery and Bypass Grafting Outcomes,1,,Ural Federal University,2,,,,
,,,Amfiteatru Economic,1,,,,,,,,Journal of Information Systems Engineering & Management,1,,,,,,,,Instituto Politécnico de Leiria,1,,,,,,,,,,,,,,,,,,,,,,,Bastian Schäfermeier,1,,,,,,,,,,,,,,,,,,,,Trust-Aware Recommender Systems,3,,M. Previtali,1,,,,,,,,Rough Sets Theory and Applications,1,,University of Leeds,2,,,,
,,,Psychology and Marketing,1,,,,,,,,Journal of ICT Research and Applications,1,,,,,,,,Duy Tan University,1,,,,,,,,,,,,,,,,,,,,,,,Guillermo Fuertes,1,,,,,,,,,,,,,,,,,,,,Urban Innovation,3,,C. Lee Giles,1,,,,,,,,The Study of Creativity and Innovation,1,,Russian Academy of Sciences,2,,,,
,,,European Journal of Operational Research,1,,,,,,,,Journal Of Big Data,1,,,,,,,,University of South Australia,1,,,,,,,,,,,,,,,,,,,,,,,Filippo De Carlo,1,,,,,,,,,,,,,,,,,,,,Vegetation Monitoring,3,,Carmine Ventre,1,,,,,,,,Urban Stormwater Management and Sustainable Drainage Systems,1,,RELX Group (Netherlands),2,,,,
,,,Therapeutic Innovation & Regulatory Science,1,,,,,,,,Journal of Clinical Medicine,1,,,,,,,,Kennesaw State University,1,,,,,,,,,,,,,,,,,,,,,,,Juan Evangelista Trinidad Segovia,1,,,,,,,,,,,,,,,,,,,,Web Crawling,3,,Jiamei Wang,1,,,,,,,,Metaphorical Representation of Time in Language and Cognition,1,,European Union,2,,,,
,,,IEEE Transactions on Affective Computing,1,,,,,,,,"GEPROS. Gestão da Produção, Operações e Sistemas",1,,,,,,,,University of Eastern Finland,1,,,,,,,,,,,,,,,,,,,,,,,P. S. Aithal,1,,,,,,,,,,,,,,,,,,,,Acupuncture,2,,Elias H. Arias-Nava,1,,,,,,,,Particle Therapy for Cancer Treatment,1,,Université Libre de Bruxelles,2,,,,
,,,IEEE Computer Graphics and Applications,1,,,,,,,,Cogent Business & Management,1,,,,,,,,Second Military Medical University,1,,,,,,,,,,,,,,,,,,,,,,,Karin R. Sipido,1,,,,,,,,,,,,,,,,,,,,Adaptive Learning,2,,Giancarlo Ruffo,1,,,,,,,,Integration of Renewable Energy Systems in Power Grids,1,,Information Technology University,2,,,,
,,,BMC Medical Informatics and Decision Making,1,,,,,,,,Informatics,1,,,,,,,,China University of Political Science and Law,1,,,,,,,,,,,,,,,,,,,,,,,Nasrin Mahavarpour,1,,,,,,,,,,,,,,,,,,,,Affect,2,,Zeliha Yelda Özer,1,,,,,,,,Epidemiology and Management of Ocular Inflammatory Diseases,1,,Battelle,2,,,,
,,,Applied Energy,1,,,,,,,,International Journal of Assessment Tools in Education,1,,,,,,,,University of Southern Denmark,1,,,,,,,,,,,,,,,,,,,,,,,Xiaoyong Cui,1,,,,,,,,,,,,,,,,,,,,Affective Computing,2,,Stefania Volpe,1,,,,,,,,Efficacy and Resistance in CML Treatment,1,,University Health Network,2,,,,
,,,Empirical Software Engineering,1,,,,,,,,Turkish Online Journal of Distance Education,1,,,,,,,,University of Carthage,1,,,,,,,,,,,,,,,,,,,,,,,Shuqing Wang,1,,,,,,,,,,,,,,,,,,,,Antibiotic Resistance,2,,Katherina Nguyen,1,,,,,,,,Social Capital and Trust in Communities,1,,Mayo Clinic,2,,,,
,,,Nutrients,1,,,,,,,,Cureus,1,,,,,,,,Gulf University for Science & Technology,1,,,,,,,,,,,,,,,,,,,,,,,Antonio Yaghy,1,,,,,,,,,,,,,,,,,,,,Association (psychology),2,,Luís Madureira,1,,,,,,,,Evolution of Cooperation and Altruism in Social Systems,1,,United States Department of Commerce,2,,,,
,,,Journal of Shanghai Jiaotong University (Science),1,,,,,,,,Agronomy,1,,,,,,,,Simon Fraser University,1,,,,,,,,,,,,,,,,,,,,,,,Francesca Iandolo,1,,,,,,,,,,,,,,,,,,,,Automated Diagnosis,2,,Felipe Viana,1,,,,,,,,Machine Learning Methods for Solar Radiation Forecasting,1,,Southwest University,2,,,,
